Model,TP,TN,FP,FN,Precision,Recall,F1-Score,Accuracy
BiGRU+CONV,815,872,21,125,0.9748803827751196,0.8670212765957447,0.9177927927927928,0.9203491543917076
