Model,TP,TN,FP,FN,Precision,Recall,F1-Score,Accuracy
BiGRU+CONV,812,879,14,128,0.9830508474576272,0.8638297872340426,0.9195922989807475,0.92253136933988
