split,Accuracy,Precision,Recall,F1,TP,TN,FP,FN
test,0.933442444080742,0.9951573849878934,0.874468085106383,0.9309173272933182,822,889,4,118
