split,Accuracy,Precision,Recall,F1,TP,TN,FP,FN
test,0.9465357337697763,0.970917225950783,0.9234042553191489,0.9465648854961832,868,867,26,72
