Model,TP,TN,FP,FN,Precision,Recall,F1-Score,Accuracy
BiGRU+CONV,855,881,12,85,0.986159169550173,0.9095744680851063,0.9463198671831765,0.9470812875068194
