learning_rate        , batch_size, gru_units, dropout
0.0037204699754590574,         81,        55, 0.25003341071590346
