Model,TP,TN,FP,FN,Precision,Recall,F1-Score,Accuracy
BiGRU+CONV,859,875,18,81,0.9794754846066135,0.9138297872340425,0.945514584479912,0.9459901800327333
