Model,TP,TN,FP,FN,Precision,Recall,F1-Score,Accuracy
BiGRU+CONV,838,871,22,102,0.9744186046511628,0.8914893617021277,0.9311111111111111,0.9323513366066557
