Model,TP,TN,FP,FN,Precision,Recall,F1-Score,Accuracy
BiGRU+CONV,838,873,20,102,0.9766899766899767,0.8914893617021277,0.932146829810901,0.933442444080742
