Model,TP,TN,FP,FN,Precision,Recall,F1-Score,Accuracy
BiGRU+CONV,815,867,26,125,0.9690844233055886,0.8670212765957447,0.9152161706906232,0.9176213857064921
