Model,TP,TN,FP,FN,Precision,Recall,F1-Score,Accuracy
BiGRU+CONV,840,887,6,100,0.9929078014184397,0.8936170212765957,0.9406494960806271,0.9421713038734315
