Model,TP,TN,FP,FN,Precision,Recall,F1-Score,Accuracy
BiGRU+CONV,836,878,15,104,0.982373678025852,0.8893617021276595,0.9335566722501396,0.9350791052918712
