Model,TP,TN,FP,FN,Precision,Recall,F1-Score,Accuracy
BiGRU+CONV,837,880,13,103,0.9847058823529412,0.8904255319148936,0.9351955307262569,0.9367157665030006
