Model,TP,TN,FP,FN,Precision,Recall,F1-Score,Accuracy
BiGRU+CONV,832,889,4,108,0.9952153110047847,0.8851063829787233,0.9369369369369369,0.938897981451173
