Model,TP,TN,FP,FN,Precision,Recall,F1-Score,Accuracy
BiGRU+CONV,819,884,9,121,0.9891304347826086,0.8712765957446809,0.9264705882352942,0.9290780141843972
