Model,TP,TN,FP,FN,Precision,Recall,F1-Score,Accuracy
BiGRU+CONV,813,881,12,127,0.9854545454545455,0.8648936170212767,0.9212464589235128,0.9241680305510093
