Model,TP,TN,FP,FN,Precision,Recall,F1-Score,Accuracy
BiGRU+CONV,833,882,11,107,0.9869668246445498,0.8861702127659574,0.9338565022421524,0.9356246590289143
