Model,TP,TN,FP,FN,Precision,Recall,F1-Score,Accuracy
BiGRU+CONV,871,875,18,69,0.9797525309336333,0.926595744680851,0.9524330235101148,0.9525368248772504
