Model,TP,TN,FP,FN,Precision,Recall,F1-Score,Accuracy
BiGRU+CONV,863,875,18,77,0.9795686719636776,0.9180851063829787,0.9478308621636463,0.9481723949809057
