Model,TP,TN,FP,FN,Precision,Recall,F1-Score,Accuracy
BiGRU+CONV,862,875,18,78,0.9795454545454545,0.9170212765957447,0.9472527472527472,0.9476268412438625
