Model,TP,TN,FP,FN,Precision,Recall,F1-Score,Accuracy
BiGRU+CONV,831,877,16,109,0.9811097992916175,0.8840425531914894,0.9300503637381086,0.9318057828696127
